variant,model,query_id,run_idx,question,answer,latency_s,input_tokens,output_tokens,cost_usd,n_retrievals,n_tool_calls,error,faithfulness,completeness,correctness,conciseness,overall,judge_notes,reference_answer,difficulty,hop_count
workflow,anthropic/claude-opus-4.7,,0,"What does the AI Office Hours post on tool-selection evaluation say about positional bias, and how does that connect to the broader idea of supervised learning evaluation as discussed on Wikipedia?","# Positional Bias in Tool Selection and Its Connection to Supervised Learning Evaluation

## What the AI Office Hours Post Says About Positional Bias

The post ""Evaluating AI Agent Tool Selection"" describes **positional bias** as the LLM's ""tendency to pay more attention to tokens at the start or end of the prompt while glossing over tokens in the middle"" — a phenomenon also known as the ""lost-in-the-middle"" problem [beehiiv: Evaluating AI Agent Tool Selection]. In the context of AI agents, this matters because tools listed later in the prompt often end up in the middle of the overall context, causing the LLM to favor tools recorded earlier and potentially pick the wrong one [beehiiv: Evaluating AI Agent Tool Selection].

The author's experiment quantified this effect: across five tool positions, LLMs on average chose the first tool roughly 9.51% more often than it was actually the correct choice, while later tools were under-selected [beehiiv: Evaluating AI Agent Tool Selection]. Critically, this bias was **not** limited to smaller open-source models — even ""gold standard"" OpenAI models exhibited it — and the author attributes the issue to the underlying Transformer architecture itself [beehiiv: Evaluating AI Agent Tool Selection].

The key takeaway from the post: evaluating agents cannot stop at checking whether the final answer is correct. Tool selection needs to be **measured** directly, because an agent can arrive at the right answer despite inefficient or biased intermediate tool choices that hurt accuracy, latency, and consistency [beehiiv: Evaluating AI Agent Tool Selection].

## Connection to Supervised Learning Evaluation on Wikipedia

Supervised learning, per Wikipedia, ""uses a set of paired inputs and desired outputs,"" and the learning task is ""to produce the desired output for each input,"" with cost functions (e.g., mean-squared error) designed around ""eliminating incorrect deductions"" [wikipedia: Neural network (machine learning)]. Evaluation in machine learning is generally framed around ""the ability to reproduce known knowledge"" — i.e., comparing model outputs against labeled ground truth [wikipedia: Machine learning].

The tool-selection evaluation described in the beehiiv post fits this supervised-learning evaluation paradigm closely: the author has a labeled set where each query has a known ""correct tool index,"" and measures how often the LLM's chosen tool matches that label — essentially treating tool selection as a **classification task**, which Wikipedia lists as a canonical supervised learning task (""pattern recognition (also known as classification)"") [wikipedia: Neural network (machine learning)]. The 9.51% over-selection figure is a deviation from ground-truth labels, analogous to measuring classification error against known correct outputs [beehiiv: Evaluating AI Agent Tool Selection].

The connection also extends to the broader concern about **bias in ML evaluation**. Wikipedia notes that reducing bias in machine learning is an increasingly important concern for fairness and responsible use [wikipedia: Machine learning]. The beehiiv post illustrates a concrete, architectural form of bias (positional) that a naive end-to-end accuracy metric would miss — reinforcing the Wikipedia-level point that how you evaluate matters as much as whether the final output looks right.

## Caveats

The evidence provided does not include a Wikipedia passage that directly discusses positional bias or ""lost-in-the-middle"" effects in Transformers, so the link between the beehiiv post's specific bias mechanism and Wikipedia's treatment of supervised learning is **my synthesis** based on the general evaluation framing (labeled inputs/outputs, classification, fairness) in the Wikipedia excerpts [wikipedia: Neural network (machine learning)] [wikipedia: Machine learning], not a direct statement from Wikipedia about positional bias itself.",101.59260678291321,0,0,0.0,4,0,,5.0,4.0,4.0,3.0,3.9,"The answer accurately captures the beehiiv post's description of positional bias (lost-in-the-middle, tools earlier in the prompt favored, 9.51% over-selection, even OpenAI models affected) with direct grounding in the evidence. The connection to supervised learning evaluation is reasonable and uses Wikipedia evidence about classification and labeled outputs, and the candidate transparently flags that the Wikipedia evidence doesn't directly discuss positional bias — which is honest and faithful. The reference also mentions held-out test sets and robustness to spurious correlations, which the candidate doesn't explicitly cover (minor completeness gap). The answer is somewhat long with headers and repetition, costing conciseness points, but all claims are well-supported by evidence.","The Beehiiv post argues that LLM agents are biased toward tools listed earlier in the prompt, so accuracy on tool-selection benchmarks is sensitive to ordering. Wikipedia's articles on machine learning and information retrieval describe how supervised evaluation depends on a held-out test set and on metrics that are robust to spurious correlations; positional bias is exactly such a spurious correlation.",hard,2
workflow,anthropic/claude-opus-4.7,,0,"What does the AI Office Hours post on tool-selection evaluation say about positional bias, and how does that connect to the broader idea of supervised learning evaluation as discussed on Wikipedia?","# Positional Bias in Tool Selection and Its Connection to Supervised Learning Evaluation

## What the AI Office Hours Post Says About Positional Bias

The AI Office Hours post ""Evaluating AI Agent Tool Selection"" describes positional bias as the LLM's ""tendency to pay more attention to tokens at the start or end of the prompt while glossing over tokens in the middle,"" a phenomenon also known as the ""lost-in-the-middle"" problem [beehiiv: Evaluating AI Agent Tool Selection]. In the context of AI agents, this matters because tools listed later in the agent's prompt can end up buried in the middle of the overall context, causing the LLM to favor tools recorded earlier and potentially pick the wrong one [beehiiv: Evaluating AI Agent Tool Selection].

The post frames this as an architectural issue tied to the Transformer itself: ""there are underlying issues with the deep learning architecture that virtually every LLM is based on, the Transformer... there's one particular type of bias it falls prey to quite often, the positional bias"" [beehiiv: Evaluating AI Agent Tool Selection].

Empirically, the author ran a test with 5 tools and measured the gap between how often the agent chose a tool at each index versus how often that index was actually correct. Earlier-indexed tools were over-selected (e.g., +9.51% for the first position) and later tools were under-chosen — and critically, even ""gold standard"" OpenAI models fell victim to this bias [beehiiv: Evaluating AI Agent Tool Selection].

The key evaluation takeaway: ""evaluating an agent's performance goes beyond simply checking the final answer and how long it took to get there"" — a correct final output can still mask flawed, biased intermediate decisions [beehiiv: Evaluating AI Agent Tool Selection]. ""Don't assume a strong final output implies flawless tool selection"" [beehiiv: Evaluating AI Agent Tool Selection].

## Connection to Supervised Learning Evaluation (Wikipedia)

Supervised learning trains a model on paired inputs and desired outputs, then evaluates how well the learned function predicts outputs for new, unseen inputs [wikipedia: Machine learning]. Formal model assessment uses techniques like the holdout method (splitting data into training and test sets), K-fold cross-validation, and bootstrap sampling to estimate accuracy [wikipedia: Machine learning]. The guiding idea is that you don't trust a model based on a few outputs — you probe it systematically against known ground truth.

The AI Office Hours experiment mirrors this logic applied to agent tool selection: the author constructs a labeled test set (queries with known correct tools), measures the frequency of correct vs. chosen tool indices, and aggregates error rates across models — essentially a holdout-style accuracy evaluation, but at the tool-selection step rather than the final answer [beehiiv: Evaluating AI Agent Tool Selection]. This parallels Wikipedia's point that classifiers ""can be fine-tuned based on chosen examples using supervised learning"" and that each observation is compared against a predefined label [wikipedia: Artificial intelligence].

There is also a broader thematic link around **bias in evaluation**:

- Wikipedia notes that ""Machine learning applications can be biased if they learn from biased data,"" and that developers may not even be aware the bias exists, making fairness-focused evaluation necessary [wikipedia: Artificial intelligence].
- More specifically, Wikipedia's entry on large language models describes **selection bias**: an ""inherent tendency of large language models to favor certain option identifiers irrespective of the actual content of the options,"" such that ""when the ordering of options is altered... the model's performance can fluctuate significantly"" [wikipedia: Large language model]. This is conceptually very close to the positional bias the AI Office Hours post demonstrates — reordering the tools changes which one gets picked, independent of which is actually correct.
- Wikipedia's discussion of GPT evaluation likewise emphasizes that modern benchmarking goes beyond raw accuracy to include ""robustness, bias, and toxicity"" and features like fairness and transparency [wikipedia: Generative pre-trained transformer].

## Putting It Together

The AI Office Hours post is essentially applying the supervised-learning evaluation mindset — labeled test data, systematic accuracy measurement, and guarding against overfitting to a single metric — to a new target: the agent's internal tool-choice step [beehiiv: Evaluating AI Agent Tool Selection] [wikipedia: Machine learning]. Its finding that position in the prompt skews selection is a concrete instance of the more general selection/ordering bias documented for LLMs on Wikipedia [wikipedia: Large language model], and it reinforces the general ML lesson that evaluation must probe for bias rather than only check end-to-end correctness [wikipedia: Artificial intelligence] [wikipedia: Generative pre-trained transformer].

**Unsupported / not in evidence:** The provided evidence does not explicitly label the AI Office Hours test as ""supervised learning"" or connect it to specific techniques like K-fold cross-validation; that connection is an inference from the parallel methodologies rather than a direct claim in either source.",112.33692479133606,0,0,0.0,4,0,,5.0,5.0,5.0,3.0,4.6,"The answer faithfully grounds every major claim in the evidence, using direct quotes and proper citations. It fully covers the reference's points about positional bias favoring earlier-listed tools and connects to supervised learning evaluation via holdout/test set methodology and bias-robust metrics. It even adds useful related evidence (LLM selection bias, GPT benchmarking) and honestly flags inferential leaps. The main weakness is length — the answer is somewhat padded with headers and restatements, hurting conciseness, but correctness and faithfulness are excellent.","The Beehiiv post argues that LLM agents are biased toward tools listed earlier in the prompt, so accuracy on tool-selection benchmarks is sensitive to ordering. Wikipedia's articles on machine learning and information retrieval describe how supervised evaluation depends on a held-out test set and on metrics that are robust to spurious correlations; positional bias is exactly such a spurious correlation.",hard,2
workflow,anthropic/claude-opus-4.7,,0,"What does the AI Office Hours post on tool-selection evaluation say about positional bias, and how does that connect to the broader idea of supervised learning evaluation as discussed on Wikipedia?","# Positional Bias in Tool Selection and Its Connection to Supervised Learning Evaluation

## What the AI Office Hours Post Says About Positional Bias

The AI Office Hours post ""Evaluating AI Agent Tool Selection"" defines **positional bias** as the LLM's ""tendency to pay more attention to tokens at the start or end of the prompt while glossing over tokens in the middle"" — a phenomenon also known as the ""lost-in-the-middle"" problem [beehiiv: Evaluating AI Agent Tool Selection]. The post argues this is a structural issue tied to the Transformer architecture that ""virtually every LLM is based on"" [beehiiv: Evaluating AI Agent Tool Selection].

Empirically, the author found that when tools are listed in an agent prompt, LLMs disproportionately pick tools appearing earlier in the list. For example, the first tool index was chosen 9.51% more often than it was actually the correct choice, while later tools were under-selected [beehiiv: Evaluating AI Agent Tool Selection]. Importantly, this was not limited to smaller open-source models — even ""'gold standard' OpenAI LLMs fall victim to positional biases"" [beehiiv: Evaluating AI Agent Tool Selection].

The broader takeaway from the post is that evaluating agents requires going beyond final-answer correctness: you must specifically measure whether the agent picks the right tool at the right time, because an agent can arrive at a correct answer even after selecting wrong tools along the way [beehiiv: Evaluating AI Agent Tool Selection].

## Connection to Supervised Learning Evaluation (Wikipedia)

The connection here is partly explicit and partly inferential — I'll flag which is which.

**Explicitly supported by the evidence:**

- Supervised learning trains a model on paired inputs and desired outputs, with the goal of producing a function that predicts outputs for new inputs; evaluation is framed around whether the model produces the correct output [wikipedia: Machine learning] [wikipedia: Neural network (machine learning)].
- Wikipedia emphasizes that model assessment relies on techniques like holdout splits, K-fold cross-validation, and bootstrap to estimate accuracy on held-out data [wikipedia: Machine learning]. This parallels the AI Office Hours post's call for ""robust testing frameworks"" that measure tool-selection accuracy against known-correct tools rather than trusting the final output [beehiiv: Evaluating AI Agent Tool Selection].
- Wikipedia also notes that ""trained models derived from biased or non-evaluated data can result in skewed or undesired predictions,"" and that algorithmic bias can arise from data preparation issues [wikipedia: Machine learning]. The tool-selection post documents a concrete instance of such skew: systematically over-picking earlier-indexed tools [beehiiv: Evaluating AI Agent Tool Selection].
- For GPT-style models specifically, Wikipedia says evaluation increasingly incorporates ""robustness, bias, and toxicity"" alongside raw accuracy [wikipedia: Generative pre-trained transformer]. Positional bias in tool selection fits naturally into this expanded notion of evaluation.

**The broader link:** Both framings share a core principle — you cannot evaluate a learned system only by whether its final output happens to be correct. Supervised learning evaluation uses structured procedures (train/test splits, cross-validation) to probe generalization and detect bias [wikipedia: Machine learning], and the AI Office Hours post applies an analogous discipline to agents: instrumenting tool choices across many trials to detect a systematic positional bias that raw end-to-end accuracy would hide [beehiiv: Evaluating AI Agent Tool Selection].

## Caveats

- The evidence does **not** show that the AI Office Hours post itself frames its methodology in supervised-learning terminology, nor does it cite Wikipedia's evaluation concepts. The connection between the two is a thematic parallel I'm drawing from the supplied sources, not a claim made in the post.
- Wikipedia's supplied excerpts discuss supervised learning evaluation in general (accuracy estimation, cross-validation, bias from data) but do not discuss positional bias or LLM tool selection specifically.",106.4043710231781,0,0,0.0,4,0,,5.0,4.0,4.0,3.0,4.0,"The answer accurately describes positional bias per the beehiiv post and grounds every claim in the evidence chunks, even explicitly flagging where it is drawing inferential parallels vs. citing sources. It covers the key facts (lost-in-the-middle, 9.51% over-selection, OpenAI models affected, need for robust testing). The connection to supervised evaluation is drawn from holdout/cross-validation and bias chunks rather than information retrieval metrics (the reference mentions IR), but this is a reasonable substitution given the evidence. Somewhat verbose with headers and caveats, costing conciseness points, but the caveats actually improve faithfulness.","The Beehiiv post argues that LLM agents are biased toward tools listed earlier in the prompt, so accuracy on tool-selection benchmarks is sensitive to ordering. Wikipedia's articles on machine learning and information retrieval describe how supervised evaluation depends on a held-out test set and on metrics that are robust to spurious correlations; positional bias is exactly such a spurious correlation.",hard,2
workflow,anthropic/claude-opus-4.7,,0,Compare what the AI Office Hours '(Re-) Ranking RAG Solutions' post recommends to how Wikipedia describes BM25 and cross-encoders as information retrieval techniques.,"# Comparing AI Office Hours' Re-Ranking Recommendations with Wikipedia on BM25 and Cross-Encoders

## What the AI Office Hours Post Recommends

The ""(Re-) Ranking RAG Solutions"" post by Sinan Ozdemir identifies a core limitation of standard RAG pipelines: ""Cosine similarity between embeddings can only go so far in terms of matching queries to documents"" [beehiiv: (Re-) Ranking RAG Solutions]. To address this, the post recommends adding a **re-ranking step** after initial vector retrieval, which can be implemented in ""just 5-10 more lines of code"" to ""re-sort those documents from Pinecone to try and surface the actual relevant document to the top of the list"" [beehiiv: (Re-) Ranking RAG Solutions].

The practical benefit, per the post, is that consistently surfacing the correct document at the top lets developers ""pass fewer documents to our final RAG generation prompt resulting in a tighter, faster, and cheaper integration"" [beehiiv: (Re-) Ranking RAG Solutions]. The post specifically benchmarks **Pongo and Cohere** as re-ranker providers, noting ""Pongo beat Cohere on English examples"" and that both ""made our retrieval rankings better with ~5 lines of added code"" [beehiiv: (Re-) Ranking RAG Solutions].

## How Wikipedia Describes BM25

Wikipedia describes **Okapi BM25** as ""a ranking function used by search engines to estimate the relevance of documents to a given search query,"" based on ""the probabilistic retrieval framework developed in the 1970s and 1980s by Stephen E. Robertson, Karen Spärck Jones, and others"" [wikipedia: Okapi BM25]. It is a ""TF-IDF-like retrieval function"" [wikipedia: Okapi BM25] and operates as ""a bag-of-words retrieval function that ranks a set of documents based on the query terms appearing in each document, regardless of their proximity within the document"" [wikipedia: Okapi BM25].

## How Wikipedia Describes Cross-Encoders

**The supplied evidence does not contain a Wikipedia description of cross-encoders.** I cannot directly compare the AI Office Hours post to Wikipedia's characterization of cross-encoders from this evidence set. Wikipedia's Retrieval-augmented generation article does mention that ""Reranking techniques can refine retriever performance by prioritizing the most relevant retrieved documents during training"" [wikipedia: Retrieval-augmented generation], but it does not specifically describe cross-encoders as a technique.

## Comparison

| Aspect | AI Office Hours Post | Wikipedia (BM25) |
|---|---|---|
| **Role** | Re-ranker applied *after* vector retrieval to reorder candidates [beehiiv: (Re-) Ranking RAG Solutions] | A first-stage ranking function itself, estimating document relevance to a query [wikipedia: Okapi BM25] |
| **Underlying signal** | Contrasts itself against ""cosine similarity between embeddings"" [beehiiv: (Re-) Ranking RAG Solutions]; does not specify the re-ranker mechanism in the provided excerpts | Probabilistic, TF-IDF-like, bag-of-words lexical matching [wikipedia: Okapi BM25] |
| **Era/origin** | Modern commercial APIs (Pongo, Cohere) [beehiiv: (Re-) Ranking RAG Solutions] | Rooted in 1970s–80s probabilistic retrieval research [wikipedia: Okapi BM25] |
| **Granularity** | Word-order/proximity not discussed in excerpts | Explicitly ""regardless of their proximity within the document"" [wikipedia: Okapi BM25] |

The two sources address **different layers of the retrieval stack**: Wikipedia's BM25 article describes a classical lexical ranking function used as a primary retrieval method [wikipedia: Okapi BM25], while the AI Office Hours post focuses on **post-retrieval re-ranking** as an add-on to embedding-based retrieval in a RAG pipeline [beehiiv: (Re-) Ranking RAG Solutions]. This is consistent with Wikipedia's general note that ""Reranking techniques can refine retriever performance by prioritizing the most relevant retrieved documents"" [wikipedia: Retrieval-augmented generation].

## Caveats

- The provided evidence **does not include a Wikipedia entry on cross-encoders**, so any direct comparison on that specific technique is unsupported by the given sources.
- The AI Office Hours excerpts **do not explicitly state that the Pongo/Cohere re-rankers are cross-encoders** or describe their internal architecture, so mapping the post's recommendation onto the cross-encoder concept cannot be done from this evidence alone.
- Similarly, the post does not mention BM25; the comparison above is structural (lexical first-stage ranking vs. neural re-ranking) rather than drawn from a direct juxtaposition in the sources.",176.70248103141785,0,0,0.0,7,0,,4.0,3.0,4.0,3.0,3.6,"The candidate accurately describes the Beehiiv post's re-ranking recommendation and Wikipedia's BM25 description, with good grounding in evidence. It honestly admits the evidence lacks a Wikipedia cross-encoder entry — which is faithful behavior. However, it misses that the post does mention cross-encoders (""re-rankers' architectures (often cross-encoders)""), which is in the evidence and should have been used. The reference answer's key insight — BM25 as cheap first-pass + cross-encoder for precision as a two-stage pipeline — is only partially conveyed. Somewhat verbose with tables and caveats, reducing conciseness.","The Beehiiv post advocates a two-stage pipeline: cheap first-pass retrieval (dense or sparse) followed by a cross-encoder reranker on the top candidates. Wikipedia describes BM25 as a probabilistic sparse retrieval ranking function based on term frequency and document length, and cross-encoders as bi-text models that score (query, document) pairs jointly with attention. The post's recipe layers these: BM25 for cheap recall, cross-encoder for precision.",hard,2
workflow,anthropic/claude-opus-4.7,,0,Compare what the AI Office Hours '(Re-) Ranking RAG Solutions' post recommends to how Wikipedia describes BM25 and cross-encoders as information retrieval techniques.,"# Comparison: AI Office Hours Re-Ranking Post vs. Wikipedia on BM25 and Cross-Encoders

## What the AI Office Hours Post Recommends

In ""(Re-) Ranking RAG Solutions,"" Sinan Ozdemir recommends adding a **re-ranking step** between initial retrieval and generation in a RAG pipeline. Key recommendations include:

- After retrieving documents from a vector database (e.g., Pinecone), pass them through a re-ranker to ""re-sort those documents...to try and surface the actual relevant document to the top of the list"" [beehiiv: (Re-) Ranking RAG Solutions].
- The post describes re-rankers as ""yet another LLM whose job it is to take in a small amount (usually 10-50) of documents and the original query and rank the documents from most to least relevant,"" noting that their architectures ""are often cross-encoders"" which are ""more memory consumptive and slower but yield more precise results"" [beehiiv: (Re-) Ranking RAG Solutions].
- The post evaluates **Cohere's v3 multilingual re-ranker** and **Pongo's semantic filter**, concluding that both improved retrieval rankings with roughly 5 lines of added code, and that ""Pongo beat Cohere on English examples"" [beehiiv: (Re-) Ranking RAG Solutions].

## How Wikipedia Describes BM25

Wikipedia describes **Okapi BM25** as ""a ranking function used by search engines to estimate the relevance of documents to a given search query,"" based on ""the probabilistic retrieval framework developed in the 1970s and 1980s"" [wikipedia: Okapi BM25]. It is characterized as:

- A **bag-of-words retrieval function** that ""ranks a set of documents based on the query terms appearing in each document, regardless of their proximity within the document"" [wikipedia: Okapi BM25].
- A TF-IDF-like function, with variants such as BM25F (which handles multiple weighted fields) and BM25+ (which addresses length-normalization issues for long documents) [wikipedia: Okapi BM25].
- In the broader Wikipedia article on Information Retrieval, BM25-style approaches fall under **sparse models**, which ""rely on interpretable representations and inverted indexes to enable efficient exact term matching"" [wikipedia: Information retrieval].

## How Wikipedia Describes Cross-Encoders

The supplied Wikipedia evidence does **not explicitly describe cross-encoders**. The closest reference is in the Information Retrieval article, which categorizes neural approaches into sparse, dense, and hybrid models, mentioning dual-encoder architectures like ColBERT as dense models using ""continuous vector embeddings to support semantic similarity beyond keyword overlap"" [wikipedia: Information retrieval]. A dedicated description of cross-encoders specifically is not provided in the evidence, so a direct Wikipedia-sourced comparison of cross-encoders is unsupported here.

## Comparison

| Aspect | AI Office Hours post | Wikipedia |
|---|---|---|
| Role in pipeline | Re-rankers are an **optional second stage** after initial retrieval, refining a small candidate set (10–50 docs) [beehiiv: (Re-) Ranking RAG Solutions] | BM25 is presented as a **primary ranking function** for search engines over a whole corpus [wikipedia: Okapi BM25] |
| Matching approach | Cross-encoder re-rankers jointly process query + document for ""more precise results"" at higher computational cost [beehiiv: (Re-) Ranking RAG Solutions] | BM25 is **bag-of-words**, scoring by query-term occurrences ""regardless of their proximity"" [wikipedia: Okapi BM25]; falls in the **sparse/lexical** category [wikipedia: Information retrieval] |
| Scale | Works ""on a much smaller scale than basic retrieval"" because cross-encoders are slower/memory-heavy [beehiiv: (Re-) Ranking RAG Solutions] | BM25 leverages inverted indexes for **efficient exact term matching** at corpus scale [wikipedia: Information retrieval] |
| Semantic vs lexical | Re-rankers (cross-encoders) provide deeper semantic judgment of relevance [beehiiv: (Re-) Ranking RAG Solutions] | BM25 is lexical/term-based; Wikipedia notes dense neural models go ""beyond keyword overlap"" [wikipedia: Information retrieval] |

## Summary

The AI Office Hours post and Wikipedia describe complementary rather than competing techniques. The post advocates cross-encoder-based re-ranking as a **precision-enhancing second pass** in RAG, trading speed for relevance on a small candidate set [beehiiv: (Re-) Ranking RAG Solutions]. Wikipedia positions BM25 as a **scalable, lexical first-stage ranker** based on term statistics [wikipedia: Okapi BM25], fitting its description of sparse retrieval models [wikipedia: Information retrieval]. A natural synthesis — BM25 (or dense retrieval) for fast initial retrieval, followed by a cross-encoder re-ranker for precision — is consistent with both sources, though the supplied evidence does **not** contain an explicit Wikipedia description of cross-encoders themselves, so that part of the comparison is only partially supported.",144.68157386779785,0,0,0.0,6,0,,5.0,5.0,5.0,3.0,4.5,"The answer accurately captures the beehiiv post's recommendation of cross-encoder reranking after initial retrieval and Wikipedia's description of BM25 as a probabilistic, bag-of-words, sparse ranking function. Claims are grounded in the evidence, and the answer honestly notes that Wikipedia evidence does not explicitly describe cross-encoders rather than fabricating. The comparison table and synthesis align with the reference. It is somewhat lengthy/padded with headings and a table, hurting conciseness, but correctness and completeness are strong.","The Beehiiv post advocates a two-stage pipeline: cheap first-pass retrieval (dense or sparse) followed by a cross-encoder reranker on the top candidates. Wikipedia describes BM25 as a probabilistic sparse retrieval ranking function based on term frequency and document length, and cross-encoders as bi-text models that score (query, document) pairs jointly with attention. The post's recipe layers these: BM25 for cheap recall, cross-encoder for precision.",hard,2
workflow,anthropic/claude-opus-4.7,,0,Compare what the AI Office Hours '(Re-) Ranking RAG Solutions' post recommends to how Wikipedia describes BM25 and cross-encoders as information retrieval techniques.,"# Comparing AI Office Hours' Re-Ranking Recommendation to Wikipedia's Descriptions of BM25 and Cross-Encoders

## What the AI Office Hours Post Recommends

The ""(Re-) Ranking RAG Solutions"" post by Sinan Ozdemir identifies a core limitation of RAG systems: ""Cosine similarity between embeddings can only go so far in terms of matching queries to documents"" [beehiiv: (Re-) Ranking RAG Solutions]. To address this, the post recommends adding a **re-ranker** after initial vector retrieval — a step that re-sorts documents retrieved from a vector database (e.g., Pinecone) to surface the most relevant document to the top [beehiiv: (Re-) Ranking RAG Solutions].

Key practical claims from the post:
- Re-ranking can be added with just ""5-10 more lines of code"" [beehiiv: (Re-) Ranking RAG Solutions].
- The post benchmarks commercial re-rankers, noting ""Pongo beat Cohere on English examples"" and that ""Both Pongo and Cohere made our retrieval rankings better with ~5 lines of added code"" [beehiiv: (Re-) Ranking RAG Solutions].
- Better ranking means fewer documents need to be passed to the generator, yielding ""a tighter, faster, and cheaper integration"" [beehiiv: (Re-) Ranking RAG Solutions].

**Note:** The supplied excerpts from the beehiiv post do *not* explicitly mention BM25 or cross-encoders by name — it discusses re-ranking generically and names specific vendors (Pongo, Cohere). So any direct comparison to those techniques must be inferred rather than drawn from explicit statements in the post.

## How Wikipedia Describes BM25

Wikipedia describes **Okapi BM25** as ""a ranking function used by search engines to estimate the relevance of documents to a given search query,"" based on the probabilistic retrieval framework from the 1970s–80s [wikipedia: Okapi BM25]. It is a ""bag-of-words retrieval function that ranks a set of documents based on the query terms appearing in each document, regardless of their proximity"" [wikipedia: Okapi BM25], and represents a ""TF-IDF-like retrieval function"" [wikipedia: Okapi BM25].

In Wikipedia's broader taxonomy of modern IR, BM25-style approaches fall into the **sparse** category: ""Sparse models, including traditional term-based methods and learned variants like SPLADE, rely on interpretable representations and inverted indexes to enable efficient exact term matching"" [wikipedia: Information retrieval].

## How Wikipedia Describes Cross-Encoders

**The supplied Wikipedia evidence does not contain an explicit description of ""cross-encoders""** as a named technique. The closest relevant content is Wikipedia's discussion of neural ranking models, which mentions **dense models** using ""dual-encoder architectures like ColBERT"" [wikipedia: Information retrieval] — dual-encoders, not cross-encoders. Wikipedia's RAG article does note that ""Reranking techniques can refine retriever performance by prioritizing the most relevant retrieved documents"" [wikipedia: Retrieval-augmented generation], which aligns conceptually with the beehiiv post's advice, but it does not describe the cross-encoder architecture specifically. Any further comparison involving cross-encoders is unsupported by the provided evidence.

## Comparison

| Aspect | AI Office Hours Post | Wikipedia |
|---|---|---|
| Core problem framed | Vector/cosine similarity alone gives imperfect top-result accuracy [beehiiv: (Re-) Ranking RAG Solutions] | Retrieval is the task of identifying resources relevant to an information need [wikipedia: Information retrieval] |
| Role of re-ranking | A second-stage sorter placed after vector retrieval to improve top-result accuracy [beehiiv: (Re-) Ranking RAG Solutions] | ""Reranking techniques can refine retriever performance by prioritizing the most relevant retrieved documents"" [wikipedia: Retrieval-augmented generation] |
| BM25 | Not mentioned in the supplied excerpts | A probabilistic, bag-of-words, TF-IDF–like lexical ranking function [wikipedia: Okapi BM25]; categorized as a sparse method [wikipedia: Information retrieval] |
| Cross-encoders | Not mentioned in the supplied excerpts | Not explicitly described in the supplied excerpts (Wikipedia mentions dual-encoders like ColBERT instead) [wikipedia: Information retrieval] |
| Recommended tooling | Commercial re-rankers Pongo and Cohere, integrated in ~5 lines of code [beehiiv: (Re-) Ranking RAG Solutions] | General categories: sparse, dense, and hybrid neural models [wikipedia: Information retrieval] |

## Summary

The AI Office Hours post and Wikipedia agree on the **conceptual role of re-ranking** — both treat it as a refinement step that improves the ordering of retrieved documents [beehiiv: (Re-) Ranking RAG Solutions][wikipedia: Retrieval-augmented generation]. However, the post is **practitioner-focused**, recommending specific commercial re-rankers (Pongo, Cohere) and emphasizing minimal code changes [beehiiv: (Re-) Ranking RAG Solutions], while Wikipedia frames retrieval techniques **taxonomically**, describing BM25 as a classic sparse/lexical ranking function rooted in probabilistic IR [wikipedia: Okapi BM25] and situating neural approaches within sparse/dense/hybrid categories [wikipedia: Information retrieval].

**Unsupported by the provided evidence:** any direct statement that the beehiiv post recommends BM25 or cross-encoders specifically, and any detailed Wikipedia description of cross-encoders as such. A fuller comparison would require evidence that either explicitly names BM25/cross-encoders in the post, or that provides Wikipedia's definition of cross-encoders.",153.78951501846313,0,0,0.0,7,0,,5.0,4.0,4.0,3.0,4.0,"The answer is highly faithful: it carefully notes where evidence is missing (cross-encoders not defined in Wikipedia excerpts, BM25 not in the post) rather than fabricating. It correctly conveys the post's re-ranking recommendation and Wikipedia's description of BM25. However, it misses that the beehiiv evidence actually does mention cross-encoders (""re-rankers' architectures (often cross-encoders)""), so the claim that cross-encoders aren't mentioned in the post is slightly inaccurate. The answer is also quite long with extensive tables and caveats, reducing conciseness. Overall matches the reference's key points about two-stage pipeline and BM25 as sparse/probabilistic ranking.","The Beehiiv post advocates a two-stage pipeline: cheap first-pass retrieval (dense or sparse) followed by a cross-encoder reranker on the top candidates. Wikipedia describes BM25 as a probabilistic sparse retrieval ranking function based on term frequency and document length, and cross-encoders as bi-text models that score (query, document) pairs jointly with attention. The post's recipe layers these: BM25 for cheap recall, cross-encoder for precision.",hard,2
workflow,anthropic/claude-opus-4.7,,0,How does Sinan's argument in 'Beyond Benchmarks' relate to what Wikipedia says about the historical AI winters?,"# Sinan's ""Beyond Benchmarks"" Argument and Historical AI Winters

## Sinan's Core Argument

In ""Beyond Benchmarks,"" Sinan Ozdemir argues that benchmarks—standardized test sets used to measure AI performance—are being misused and misinterpreted in ways that distort our understanding of AI progress. He identifies three main problems [beehiiv: Beyond Benchmarks]:

1. **Benchmarks becoming targets**: LLM creators are incentivized to chase leaderboard rankings, and consumers conflate benchmark performance with real-world performance. He invokes Goodhart's Law: ""When a measure becomes a target, it ceases to be a good measure"" [beehiiv: Beyond Benchmarks].
2. **Biases and shortcuts**: Models exploit artifacts in static benchmarks, including through data contamination [beehiiv: Beyond Benchmarks].
3. **Overstated progress**: ""High scores on benchmarks don't mean models have true generalization or human-level understanding"" [beehiiv: Beyond Benchmarks].

He also notes that some benchmarks are positioned to ""signal a turning point in AI: the heralding of Artificial General Intelligence (AGI) or Superintelligence"" [beehiiv: Beyond Benchmarks].

## Connection to Historical AI Winters

Wikipedia describes AI winters as recurring ""period[s] of reduced funding and interest in AI research,"" where the field experiences ""hype cycles, followed by disappointment and criticism, followed by funding cuts"" [wikipedia: AI winter]. Specifically, during the first AI winter (1974–1980), ""AI researchers had failed to appreciate the difficulty of the problems they faced. Their tremendous optimism had raised public expectations impossibly high, and when the promised results failed to materialize, funding targeted at AI was severely reduced"" [wikipedia: History of artificial intelligence].

The parallel to Sinan's argument is notable:

- **Hype vs. reality gap**: Sinan warns that benchmark scores create ""public misconception of AI strength"" [beehiiv: Beyond Benchmarks] and that high scores don't reflect true generalization [beehiiv: Beyond Benchmarks]. This echoes the historical pattern where ""tremendous optimism had raised public expectations impossibly high"" before the first AI winter [wikipedia: History of artificial intelligence].

- **Warning signs of overstatement**: The 1984 AAAI debate featured Schank and Minsky warning ""that enthusiasm for AI had spiraled out of control in the 1980s and that disappointment would certainly follow"" [wikipedia: AI winter]. Sinan's critique of conflating benchmark performance with AGI/Superintelligence claims [beehiiv: Beyond Benchmarks] fits a similar cautionary mold.

## Important Caveats on This Comparison

**The evidence does not show Sinan himself drawing a direct comparison to AI winters.** His post, as excerpted, does not mention ""AI winter"" or historical funding collapses. The connection above is inferential—linking his concerns about hype and overstated progress to Wikipedia's description of how such dynamics have historically preceded AI winters. Any claim that Sinan is explicitly predicting or invoking an AI winter would be unsupported by the provided evidence.

Additionally, Wikipedia notes the AI winter narrative is itself contested: historian Thomas Haigh argues ""there was no AI winter"" in the 1970s because research activity was actually accelerating [wikipedia: AI winter].",121.35824394226074,0,0,0.0,5,0,,5.0,5.0,5.0,3.0,4.5,"The answer accurately captures Sinan's three-part critique and correctly links it to Wikipedia's description of hype cycles preceding AI winters, matching the reference's core thesis. All claims are grounded in the evidence with proper citations, and the answer responsibly notes that Sinan himself doesn't invoke AI winters—a faithful acknowledgment. It also appropriately includes Haigh's dissenting view. The main weakness is length/padding; the structured format with multiple headings is somewhat verbose for the question asked.","'Beyond Benchmarks' argues that benchmark scores can mask real capability gaps and that practitioners should evaluate agents on their actual tasks. Wikipedia's AI history articles describe AI winters as periods when expectations outran demonstrable real-world performance, leading to funding collapses. Both make the same underlying point: surrogate metrics that drift from real-world utility eventually correct violently.",hard,2
workflow,anthropic/claude-opus-4.7,,0,How does Sinan's argument in 'Beyond Benchmarks' relate to what Wikipedia says about the historical AI winters?,"# Sinan's 'Beyond Benchmarks' Argument and Historical AI Winters

## Sinan's Core Argument

In ""Beyond Benchmarks,"" Sinan Ozdemir argues that AI benchmarks are being misused and over-interpreted. His key points include:

- **Benchmarks becoming targets**: LLM creators chase leaderboard rankings while consumers ""conflate benchmark performance with everyday, real-world performance"" [beehiiv: Beyond Benchmarks].
- **Goodhart's Law applies**: ""When a measure becomes a target, it ceases to be a good measure,"" leading models to ""game"" the system via shortcuts like data contamination [beehiiv: Beyond Benchmarks].
- **Overstated progress**: ""High scores on benchmarks don't mean models have true generalization or human-level understanding"" [beehiiv: Beyond Benchmarks].
- He is skeptical of claims that benchmarks signal ""a turning point in AI: the heralding of Artificial General Intelligence (AGI) or Superintelligence"" [beehiiv: Beyond Benchmarks].

## What Wikipedia Says About AI Winters

Wikipedia describes AI winters as recurring phenomena tied directly to cycles of hype and disappointment:

- AI has gone through ""multiple cycles of optimism... followed by periods of disappointment and loss of funding, known as AI winters"" [wikipedia: Artificial intelligence].
- An AI winter is ""a period of reduced funding and interest in AI research. The field has experienced several hype cycles, followed by disappointment and criticism, followed by funding cuts"" [wikipedia: AI winter].
- In 1984, Schank and Minsky ""warned the business community that enthusiasm for AI had spiraled out of control in the 1980s and that disappointment would certainly follow""—a warning that preceded the collapse of ""the billion-dollar AI industry"" three years later [wikipedia: AI winter].

## How They Relate

Although Sinan does not explicitly reference AI winters in the supplied evidence, his argument **parallels the structural warning pattern** that preceded historical AI winters:

1. **Hype-vs-reality gap**: Both Sinan and the historical pattern described by Wikipedia emphasize that inflated perceptions of AI capability (whether from 1980s business enthusiasm or today's benchmark-driven AGI claims) diverge from actual real-world performance [beehiiv: Beyond Benchmarks][wikipedia: AI winter].
2. **Warnings from insiders**: Just as Schank and Minsky cautioned that ""enthusiasm for AI had spiraled out of control"" before the late-1980s collapse [wikipedia: AI winter], Sinan cautions against treating benchmarks as ""a conversation ender"" and against overstated signals of AGI [beehiiv: Beyond Benchmarks].
3. **Gaming and shortcuts vs. genuine progress**: Sinan's concern that models exploit ""artifacts and biases"" to appear stronger than they are [beehiiv: Beyond Benchmarks] echoes the historical dynamic where overstated capability eventually triggered ""disappointment and criticism, followed by funding cuts"" [wikipedia: AI winter].

## Caveat

**This connection is interpretive, not explicit.** The supplied excerpts from ""Beyond Benchmarks"" do not mention AI winters, funding cycles, or historical hype collapses directly. Sinan frames his critique around Goodhart's Law and benchmark methodology rather than invoking the AI winter framework. Any stronger claim that he is deliberately echoing AI winter history is unsupported by the evidence provided.",113.42002201080322,0,0,0.0,5,0,,5.0,5.0,5.0,3.0,4.5,"The answer accurately captures both Sinan's argument and the Wikipedia framing of AI winters, and makes the key connection that hype/surrogate metrics diverging from real-world performance is the shared theme. All claims are grounded in the evidence chunks with proper citations, and it honestly notes the connection is interpretive. It's a bit long and heavily formatted with headers/bullets where a tighter synthesis would suffice, hence the conciseness hit, but substance is strong.","'Beyond Benchmarks' argues that benchmark scores can mask real capability gaps and that practitioners should evaluate agents on their actual tasks. Wikipedia's AI history articles describe AI winters as periods when expectations outran demonstrable real-world performance, leading to funding collapses. Both make the same underlying point: surrogate metrics that drift from real-world utility eventually correct violently.",hard,2
workflow,anthropic/claude-opus-4.7,,0,How does Sinan's argument in 'Beyond Benchmarks' relate to what Wikipedia says about the historical AI winters?,"# Sinan's 'Beyond Benchmarks' Argument and Historical AI Winters

## Sinan's Core Argument

In ""Beyond Benchmarks,"" Sinan Ozdemir argues that benchmarks — while useful as a ""conversation starter"" — should not be treated as a ""conversation ender"" for evaluating AI [beehiiv: Beyond Benchmarks]. He identifies three main problems:

1. **Benchmarks becoming targets**: Invoking Goodhart's Law (""When a measure becomes a target, it ceases to be a good measure""), he notes that LLM creators are incentivized to chase leaderboard rankings, while consumers ""conflate benchmark performance with everyday, real-world performance"" [beehiiv: Beyond Benchmarks].
2. **Biases and shortcuts**: Static benchmarks contain artifacts (like data contamination) that models exploit [beehiiv: Beyond Benchmarks].
3. **Overstated progress**: ""High scores on benchmarks don't mean models have true generalization or human-level understanding"" [beehiiv: Beyond Benchmarks].

## Connection to Historical AI Winters

Wikipedia describes AI winters as periods ""of reduced funding and interest in AI research,"" part of recurring ""hype cycles, followed by disappointment and criticism, followed by funding cuts"" [wikipedia: AI winter]. The first AI winter (1974–1980) was driven specifically by a gap between promises and reality: ""Their tremendous optimism had raised public expectations impossibly high, and when the promised results failed to materialize, funding targeted at AI was severely reduced"" [wikipedia: History of artificial intelligence]. The later winter was similarly triggered when researchers warned ""that enthusiasm for AI had spiraled out of control... and that disappointment would certainly follow"" [wikipedia: AI winter].

## How They Relate

Sinan's argument can be read as a warning about the *mechanism* that has historically produced AI winters — the gap between perceived progress and actual capability:

- **Inflated expectations from flawed metrics**: Sinan's concern that consumers ""conflate benchmark performance with everyday, real-world performance"" [beehiiv: Beyond Benchmarks] mirrors the historical pattern Wikipedia describes, where ""public expectations"" were raised ""impossibly high"" before ""promised results failed to materialize"" [wikipedia: History of artificial intelligence].
- **Overstated progress**: Sinan's third pitfall — that benchmark scores don't equal ""true generalization or human-level understanding"" [beehiiv: Beyond Benchmarks] — parallels the dynamic Schank and Minsky warned about, where runaway enthusiasm preceded a ""chain reaction"" of pessimism and funding collapse [wikipedia: AI winter].
- **Benchmarks as signals for AGI**: Sinan notes that benchmarks like Humanity's Last Exam are framed as signaling ""the heralding of Artificial General Intelligence (AGI) or Superintelligence"" [beehiiv: Beyond Benchmarks]. Wikipedia similarly notes that OpenAI's o3 surpassed human scores on the ARC-AGI benchmark, though its creator cautioned it is ""a necessary, but not sufficient, test for AGI"" [wikipedia: History of artificial intelligence] — reinforcing Sinan's point that benchmark success can be misread as more than it is.

## Caveat on What's Not Supported

Importantly, Sinan's post itself **does not explicitly reference AI winters** in the evidence provided. The connection drawn here is thematic — linking his concerns about hype and misleading metrics to the historical pattern Wikipedia documents — rather than an argument Sinan makes directly in the excerpts available.",90.39986491203308,0,0,0.0,4,0,,5.0,5.0,5.0,3.0,4.5,"The answer accurately captures both Sinan's argument and Wikipedia's description of AI winters, drawing the same thematic connection as the reference (hype/metrics drifting from real performance leading to corrections). All claims are grounded in the evidence with proper citations, and it honestly flags that Sinan doesn't explicitly link to AI winters. It's somewhat long with heavy formatting/headers that add padding beyond what the question required, hurting conciseness, but correctness, completeness, and faithfulness are excellent.","'Beyond Benchmarks' argues that benchmark scores can mask real capability gaps and that practitioners should evaluate agents on their actual tasks. Wikipedia's AI history articles describe AI winters as periods when expectations outran demonstrable real-world performance, leading to funding collapses. Both make the same underlying point: surrogate metrics that drift from real-world utility eventually correct violently.",hard,2
workflow,anthropic/claude-opus-4.7,,0,"What does the 'Quantizing LLMs like LLama 3' post claim about quantization trade-offs, and how does this relate to how Wikipedia describes neural network inference?","# Quantization Trade-offs in ""Quantizing LLMs like LLama 3""

## Claims About Quantization Trade-offs

The beehiiv post defines quantization as ""the technique of representing models using fewer bits by reducing the precision of its parameters...typically by mapping floating-point numbers to integers,"" with the primary goal being ""to decrease memory usage and accelerate inference"" [beehiiv: Quantizing LLMs like LLama 3].

The post identifies several specific trade-offs:

1. **Benefits (inference optimization):** ""Lower parameter precision means less memory required to hold the model and faster computations."" Empirically, for Llama-3-8B, ""the Non-Quantized model (red) uses far more memory...and takes far longer to process inputs in batch sizes between 1 and 32"" [beehiiv: Quantizing LLMs like LLama 3].

2. **Costs (accuracy/output differences):** ""The alterations in precision can lead to differences in token output and potentially affect performance on benchmarks and practical applications"" [beehiiv: Quantizing LLMs like LLama 3]. In testing, ""the Quantized Model...has a better word per minute rate...but performs slightly worse on a subset of the MMLU benchmark"" [beehiiv: Quantizing LLMs like LLama 3].

3. **Root cause:** ""The difference in performance comes down to the fact that quantization is objectively altering the model from how it was trained"" [beehiiv: Quantizing LLMs like LLama 3].

4. **Mitigation:** ""For critical applications, performing some fine-tuning post-quantization using QLORA may be necessary to restore or enhance model performance"" [beehiiv: Quantizing LLMs like LLama 3].

The post frames evaluation around three considerations: inference optimization (memory/latency), raw token output differences, and benchmark performance [beehiiv: Quantizing LLMs like LLama 3].

## Relation to Wikipedia's Description of Neural Network Inference

The connection here is only partially supported by the evidence. Wikipedia describes a neural network's function as ""defined by its architecture...and the values, or weights, associated with each of the neurons, determining how it calculates its output based on its input connections"" [wikipedia: Neural network (machine learning)]. This aligns with the beehiiv post's explanation of why quantization changes behavior: reducing the precision of those weights alters how the network computes outputs, which is why the post observes token-level differences and benchmark degradation [beehiiv: Quantizing LLMs like LLama 3].

Wikipedia also notes that ""the goal of learning involves adjusting the weights...to improve the accuracy of the result"" by ""minimizing the observed errors"" [wikipedia: Neural network (machine learning)]. Since quantization modifies those carefully trained weights after the fact, the beehiiv post's claim that quantization is ""objectively altering the model from how it was trained"" [beehiiv: Quantizing LLMs like LLama 3] is consistent with Wikipedia's framing of weights as the learned carriers of model accuracy.

**Unsupported:** The supplied Wikipedia evidence does **not** specifically describe ""neural network inference"" as a distinct phase, nor does it discuss numerical precision, quantization, or memory/latency trade-offs during inference. So any deeper comparison between the beehiiv post's inference-optimization claims and a Wikipedia treatment of inference specifically cannot be made from the provided evidence.",108.41089034080505,0,0,0.0,4,0,,5.0,4.0,4.0,3.0,4.0,"The candidate accurately captures the post's quantization trade-offs (memory/latency gains vs. accuracy/benchmark loss, mitigation via QLORA) with direct grounding in the evidence. It honestly acknowledges the Wikipedia evidence doesn't describe inference as matrix multiplications or precision/FLOPs scaling — which is more faithful than fabricating that link (as the reference does). This slightly reduces correctness relative to the reference's specific framing, but the candidate's stance is well-supported. Somewhat verbose with heavy quoting.","The post argues that quantization (e.g. 4-bit or 8-bit) trades a small amount of model accuracy for large reductions in memory and latency, and that the trade-off depends on task and model size. Wikipedia describes neural network inference as a sequence of matrix multiplications whose memory and FLOPs scale with parameter count and precision, which is why lower-precision arithmetic yields the speedup the post describes.",medium,2
workflow,anthropic/claude-opus-4.7,,0,"What does the 'Quantizing LLMs like LLama 3' post claim about quantization trade-offs, and how does this relate to how Wikipedia describes neural network inference?","# Quantization Trade-offs in ""Quantizing LLMs like LLama 3""

## Claims from the Post

The beehiiv post frames quantization as a technique that represents models ""using fewer bits by reducing the precision of [their] parameters,"" with the primary goals of decreasing memory usage and accelerating inference [beehiiv: Quantizing LLMs like LLama 3]. However, the post is explicit that these benefits come with trade-offs:

1. **Altered token outputs.** ""The alterations in precision can lead to differences in token output and potentially affect performance on benchmarks and practical applications"" [beehiiv: Quantizing LLMs like LLama 3].

2. **Benchmark degradation is likely, though not guaranteed.** The author notes it's ""not always going to be true that the quantized version of a model will perform worse but especially on well known benchmarks like MMLU... it's a good bet"" [beehiiv: Quantizing LLMs like LLama 3].

3. **Empirical demonstration on Llama-3-8B.** In a test on a subset of MMLU-Virology, the quantized model achieved a higher words-per-minute rate but ""performs slightly worse on a subset of the MMLU benchmark,"" which the author attributes to the fact that ""quantization is objectively altering the model from how it was trained"" [beehiiv: Quantizing LLMs like LLama 3].

4. **Mitigation via fine-tuning.** For critical applications, ""performing some fine-tuning post-quantization using QLORA may be necessary to restore or enhance model performance"" [beehiiv: Quantizing LLMs like LLama 3].

The core trade-off is thus **efficiency (memory/latency) vs. accuracy (benchmark performance and token fidelity)** [beehiiv: Quantizing LLMs like LLama 3].

## Relation to Wikipedia's Description of Neural Network Inference

The evidence provided does **not** contain a Wikipedia article specifically titled or focused on ""neural network inference."" The Wikipedia excerpts supplied describe neural networks more generally — their architecture, weights, learning objectives, hyperparameters, and capacity [wikipedia: Neural network (machine learning)] — but do not directly define or discuss the inference stage. This part of the question is therefore **not directly supported by the supplied evidence**.

That said, two connections can be drawn from what is available:

- Wikipedia's article on **Large language models** closely mirrors the beehiiv post's framing: ""Post-training quantization aims to decrease the space requirement by lowering precision of the parameters of a trained model, while preserving most of its performance,"" and notes that the simplest truncation-based approach ""loses much precision"" [wikipedia: Large language model]. This aligns directly with the beehiiv post's trade-off claim between efficiency and accuracy [beehiiv: Quantizing LLMs like LLama 3].

- Wikipedia notes that a neural network's function is determined by ""the values, or weights, associated with each of the neurons, determining how it calculates its output based on its input connections"" [wikipedia: Neural network (machine learning)]. This provides a mechanistic basis for why the beehiiv post's observation holds: since quantization modifies those weight values, the computed outputs (tokens) necessarily change — consistent with the post's statement that ""quantization is objectively altering the model from how it was trained"" [beehiiv: Quantizing LLMs like LLama 3].

## Summary

The beehiiv post claims quantization trades accuracy for inference efficiency, empirically demonstrated on Llama-3-8B via MMLU [beehiiv: Quantizing LLMs like LLama 3]. This aligns with Wikipedia's LLM article on post-training quantization [wikipedia: Large language model] and is consistent with the general principle that a neural network's output depends on its weight values [wikipedia: Neural network (machine learning)]. However, **the supplied Wikipedia evidence does not contain a dedicated description of ""neural network inference""**, so a more specific comparison cannot be made from this evidence alone.",94.45042300224304,0,0,0.0,4,0,,5.0,4.0,4.0,3.0,4.0,"The answer is well-grounded in the evidence, with every quoted claim traceable to a chunk. It accurately captures the post's efficiency-vs-accuracy trade-off and honestly notes that the supplied Wikipedia evidence doesn't describe inference as matrix multiplications scaling with parameter count and precision (which the reference mentions). This honesty is more faithful than fabricating, though it means the second half of the reference comparison is only partially addressed. The answer is somewhat long with heavy quotation, costing conciseness, but it is correct and reasonably complete.","The post argues that quantization (e.g. 4-bit or 8-bit) trades a small amount of model accuracy for large reductions in memory and latency, and that the trade-off depends on task and model size. Wikipedia describes neural network inference as a sequence of matrix multiplications whose memory and FLOPs scale with parameter count and precision, which is why lower-precision arithmetic yields the speedup the post describes.",medium,2
workflow,anthropic/claude-opus-4.7,,0,"What does the 'Quantizing LLMs like LLama 3' post claim about quantization trade-offs, and how does this relate to how Wikipedia describes neural network inference?","# Quantization Trade-offs in ""Quantizing LLMs like LLama 3""

## Claims from the Beehiiv Post

The post argues that quantization — reducing the precision of model parameters — provides clear benefits but comes with inherent trade-offs:

**Benefits claimed:**
- Decreased memory usage and accelerated inference [beehiiv: Quantizing LLMs like LLama 3]
- For Llama-3-8B specifically, quantized models ""significantly outperform their non-quantized counterparts in memory efficiency and processing speed during inference"" [beehiiv: Quantizing LLMs like LLama 3]

**Trade-offs claimed:**
- ""Alterations in precision can lead to differences in token output and potentially affect performance on benchmarks and practical applications"" [beehiiv: Quantizing LLMs like LLama 3]
- Quantized models tend to perform worse on well-known benchmarks like MMLU, though this isn't guaranteed — ""It's always good to test"" [beehiiv: Quantizing LLMs like LLama 3]
- Empirically, the author's quantized model achieved better words-per-minute but ""performs slightly worse on a subset of the MMLU benchmark"" [beehiiv: Quantizing LLMs like LLama 3]
- The root cause: ""quantization is objectively altering the model from how it was trained"" [beehiiv: Quantizing LLMs like LLama 3]

**Mitigation suggested:** Fine-tuning post-quantization using QLORA to restore or enhance performance [beehiiv: Quantizing LLMs like LLama 3].

## Relation to Wikipedia's Description

The evidence provided does not include a Wikipedia article specifically titled ""neural network inference,"" so I cannot directly address that framing. However, the Wikipedia ""Large language model"" article describes quantization in terms that align with the post's trade-off framing:

- Wikipedia states that ""Post-training quantization aims to decrease the space requirement by lowering precision of the parameters of a trained model, while preserving most of its performance"" — acknowledging that only *most* (not all) performance is preserved [wikipedia: Large language model].
- Wikipedia also notes that ""the simplest form of quantization simply truncates all the parameters to a given number of bits... but loses much precision"" [wikipedia: Large language model], echoing the post's point that precision alterations affect outputs.
- Wikipedia describes a trade-off between flexibility and speed: dynamic quantization uses per-layer codebooks ""at the cost of foregoing the possible speed improvements from using lower-precision arithmetic"" [wikipedia: Large language model]. This is a different trade-off axis than the accuracy-vs-efficiency one emphasized by the beehiiv post.

The Wikipedia ""Neural network (machine learning)"" excerpts provided discuss architecture, weights, learning, and hyperparameters [wikipedia: Neural network (machine learning)] but do **not** specifically describe inference or quantization trade-offs. So a direct comparison to how Wikipedia describes ""neural network inference"" is **not supported by the supplied evidence** — the closest relevant Wikipedia material is in the LLM article, not a dedicated inference description.

## Summary

The post frames quantization as a memory/speed win that typically costs some benchmark accuracy due to altered parameters, mitigable via QLORA fine-tuning [beehiiv: Quantizing LLMs like LLama 3]. Wikipedia's LLM entry corroborates the general premise — quantization preserves ""most"" performance while reducing precision [wikipedia: Large language model] — but the supplied evidence does not contain a Wikipedia treatment of ""neural network inference"" per se to compare against more directly.",83.25006198883057,0,0,0.0,4,0,,5.0,4.0,4.0,3.0,4.0,"The candidate accurately captures the post's trade-off claims (memory/speed gains vs. accuracy loss, QLORA mitigation) with direct evidence citations. It honestly notes that the supplied evidence lacks a Wikipedia ""neural network inference"" description, which is more faithful than fabricating one from pretraining — this is the correct behavior even though the reference answer asserts such a description exists. The response is a bit long and structured with heavy formatting, reducing conciseness. Correctness is strong on the post side; the Wikipedia-side comparison differs from the reference but is appropriately grounded in the actual evidence provided.","The post argues that quantization (e.g. 4-bit or 8-bit) trades a small amount of model accuracy for large reductions in memory and latency, and that the trade-off depends on task and model size. Wikipedia describes neural network inference as a sequence of matrix multiplications whose memory and FLOPs scale with parameter count and precision, which is why lower-precision arithmetic yields the speedup the post describes.",medium,2
workflow,anthropic/claude-opus-4.7,,0,Connect the 'AIs supervising AIs' post to the Wikipedia entry on RLHF: what is the underlying technique and why does it matter?,"# Connecting ""AIs Supervising AIs"" to RLHF

## The Underlying Technique

The ""AIs Supervising AIs"" post by Sinan Ozdemir explores **scale supervision**—""an AI's ability to judge another AI on the generated responses"" [beehiiv: AIs Supervising AIs]. The post was inspired by a HuggingFace piece titled ""Can foundation models label data like humans"" and works with comparison (preference) data [beehiiv: AIs Supervising AIs]. Notably, the accompanying notebook is named `rlaif.ipynb` [beehiiv: AIs Supervising AIs], suggesting the broader technique being gestured at is **RLAIF** (Reinforcement Learning from AI Feedback), a variant of RLHF in which AI judgments substitute for, or augment, human labels.

To understand why, it helps to look at how RLHF itself works. In classical reinforcement learning, an agent optimizes a policy against a reward signal, but ""explicitly defining a reward function that accurately approximates human preferences is challenging"" [wikipedia: Reinforcement learning from human feedback]. RLHF solves this by training a **reward model** in a supervised way to predict whether a response is good or bad based on **ranking data collected from human annotators**, then using that reward model to optimize the policy via an algorithm like proximal policy optimization [wikipedia: Reinforcement learning from human feedback]. This method was popularized by OpenAI via InstructGPT and later ChatGPT [wikipedia: Reinforcement learning; wikipedia: Reinforcement learning from human feedback].

The connection: both RLHF and the ""AIs Supervising AIs"" experiment hinge on the same core primitive—**pairwise preference judgments over model outputs**. The Ozdemir post uses ""comparison data"" [beehiiv: AIs Supervising AIs], exactly the ranking format RLHF reward models are trained on [wikipedia: Reinforcement learning from human feedback]. The twist is asking whether an AI (e.g., GPT-4) can produce those judgments in place of a human labeler.

## Why It Matters

1. **Scalability and cost.** RLHF's biggest bottleneck is data collection: ""collecting data for RLHF is less scalable and more expensive"" than unsupervised approaches, and ""its quality and consistency may vary depending on the task, interface, and the preferences and biases of individual humans"" [wikipedia: Reinforcement learning from human feedback]. If an AI can reliably produce preference labels, the alignment pipeline becomes far cheaper and faster.

2. **Alignment with human judgments.** RLHF matters because it ""allows models to align their behavior with human judgments on complex and subjective tasks"" [wikipedia: Reinforcement learning]—something rule-based or standard supervised methods struggle with. Scale supervision tries to preserve that alignment property while removing the human from every label.

3. **Practical caveats from the post.** Ozdemir cautions that off-the-shelf GPT-4 with a basic prompt is a common but imperfect labeler, and recommends few-shot examples, expanded rubrics in the system prompt, and having ""a human double check at least a few responses to get a sense of how well the AI is doing"" [beehiiv: AIs Supervising AIs]. This echoes the Wikipedia-documented limitation that label quality and consistency are central risks in RLHF pipelines [wikipedia: Reinforcement learning from human feedback].

## What's Not Directly Supported

The evidence does not include a Wikipedia entry explicitly defining RLAIF or a passage in the beehiiv post that names ""RLHF"" in prose—the linkage is inferred from (a) the shared use of comparison/preference data, and (b) the notebook filename `rlaif.ipynb` [beehiiv: AIs Supervising AIs]. The evidence also does not contain Ozdemir's quantitative results on how well AI supervisors match human labels.

## Summary

The underlying technique shared across both sources is **learning from preference comparisons over model outputs**—the engine behind RLHF [wikipedia: Reinforcement learning from human feedback]. ""AIs Supervising AIs"" probes whether the human in that loop can be replaced (or assisted) by another AI [beehiiv: AIs Supervising AIs]. It matters because human feedback is the scarce, expensive, and noisy ingredient in modern LLM alignment [wikipedia: Reinforcement learning from human feedback], and automating it—carefully—could make alignment techniques like RLHF dramatically more scalable.",98.56125402450562,0,0,0.0,5,0,,5.0,5.0,5.0,3.0,4.5,"The answer accurately connects the beehiiv post's scale supervision idea with RLHF's reward-model/PPO pipeline and correctly identifies RLAIF as the variant where AI replaces human labelers. All factual claims are grounded in the provided evidence chunks (reward model, PPO, ranking data, RLAIF definition via Anthropic constitutional AI is implied, cost/scalability limitations, Ozdemir's recommendations). The candidate is transparent about what isn't directly supported. It's slightly long with headers and a meta section, costing some conciseness, but content is on-target and well-cited.",Both describe using one model to provide feedback that trains another. The Beehiiv post focuses on practical 'AI feedback' loops where a model grades another model's outputs. Wikipedia's RLHF article formalizes this as training a reward model on human (or AI) preferences and then optimizing a policy against that reward via PPO or DPO. RLAIF (RL from AI feedback) is the specific term for replacing human labelers with an AI grader.,hard,3
workflow,anthropic/claude-opus-4.7,,0,Connect the 'AIs supervising AIs' post to the Wikipedia entry on RLHF: what is the underlying technique and why does it matter?,"# Connecting ""AIs Supervising AIs"" to RLHF

## The Underlying Technique

The ""AIs Supervising AIs"" post by Sinan Ozdemir explores **scale supervision**—""an AI's ability to judge another AI on the generated responses"" [beehiiv: AIs Supervising AIs]. The notebook referenced in the post is explicitly titled `rlaif.ipynb` (RLAIF — Reinforcement Learning from AI Feedback), positioning it as a variant of the more established RLHF pipeline [beehiiv: AIs Supervising AIs].

RLHF, per Wikipedia, ""is a technique to align an intelligent agent with human preferences. It involves training a reward model to represent preferences, which can then be used to train other models through reinforcement learning"" [wikipedia: Reinforcement learning from human feedback]. In other words, humans produce comparison/preference data, that data trains a reward model, and the reward model guides RL fine-tuning of the target model [wikipedia: Reinforcement learning].

The connection: the beehiiv post investigates whether an **AI can stand in for the human labeler** in that comparison step. Ozdemir notes he uses ""comparison data"" and tests how well models like GPT-4 can label preferences off the shelf [beehiiv: AIs Supervising AIs]. This is the same kind of preference/comparison data that normally feeds an RLHF reward model [wikipedia: Reinforcement learning from human feedback]. Anthropic's Constitutional AI is a related instance of this idea, where ""the AI system evaluates the generated output and then adjusts the AI models to better fit the constitution"" [wikipedia: Anthropic].

## Why It Matters

**1. RLHF is the backbone of modern aligned LLMs.** It was ""a major breakthrough"" used in InstructGPT and ChatGPT to align models with ""human judgments on complex and subjective tasks"" [wikipedia: Reinforcement learning]. So any technique that touches the preference-labeling step directly affects how today's assistants are trained.

**2. Human feedback is the bottleneck.** Wikipedia notes that ""collecting data for RLHF is less scalable and more expensive"" than unsupervised alternatives, and ""its quality and consistency may vary depending on the task, interface, and the preferences and biases of individual humans"" [wikipedia: Reinforcement learning from human feedback]. If AIs can reliably supervise other AIs, the preference-data pipeline becomes dramatically cheaper and more scalable — which is precisely the motivation behind Ozdemir's experiments [beehiiv: AIs Supervising AIs].

**3. But quality and bias risks carry over (and may worsen).** RLHF's effectiveness ""depends on the quality of human feedback""; biased or inconsistent feedback leads to biased models and overfitting to a reward signal [wikipedia: Reinforcement learning from human feedback]. Ozdemir's practical recommendations reflect this: use few-shot examples of preferred answers, expand criteria in the system prompt, and ""have a human double check at least a few responses to get a sense of how well the AI is doing"" [beehiiv: AIs Supervising AIs]. In other words, AI supervision doesn't remove the need for human oversight — it reshapes where humans intervene.

## Caveat on Unsupported Links

The evidence provided does **not** include explicit commentary in the beehiiv post linking its experiments to RLHF by name, nor does it include the quantitative results of Ozdemir's replication of the HuggingFace ""Can foundation models label data like humans"" study [beehiiv: AIs Supervising AIs]. The RLHF connection here is inferred from (a) the notebook filename `rlaif.ipynb` and (b) the use of comparison/preference data — the same input format RLHF reward models consume [beehiiv: AIs Supervising AIs][wikipedia: Reinforcement learning from human feedback].",112.96706199645996,0,0,0.0,5,0,,5.0,5.0,5.0,3.0,4.5,"The answer correctly connects the beehiiv post's ""scale supervision"" concept to RLHF/RLAIF, grounds every claim in specific cited evidence chunks, and covers reward model training, RL optimization, and the RLAIF substitution of AI for human labelers (matching the reference). It also adds relevant context (bottleneck, bias risks) with citations. Slightly verbose with section headers and a caveat section, lowering conciseness, but faithfulness is strong and the honest acknowledgment about inferred links is a plus. Missed mentioning PPO specifically, though DPO is referenced implicitly via the evidence.",Both describe using one model to provide feedback that trains another. The Beehiiv post focuses on practical 'AI feedback' loops where a model grades another model's outputs. Wikipedia's RLHF article formalizes this as training a reward model on human (or AI) preferences and then optimizing a policy against that reward via PPO or DPO. RLAIF (RL from AI feedback) is the specific term for replacing human labelers with an AI grader.,hard,3
workflow,anthropic/claude-opus-4.7,,0,Connect the 'AIs supervising AIs' post to the Wikipedia entry on RLHF: what is the underlying technique and why does it matter?,"# Connecting ""AIs Supervising AIs"" to RLHF

## The Underlying Technique

The beehiiv post ""AIs Supervising AIs"" discusses **scale supervision** — described as ""an AI's ability to judge another AI on the generated responses"" — inspired by a HuggingFace post titled ""Can foundation models label data like humans"" [beehiiv: AIs Supervising AIs]. The post uses comparison data to explore whether AIs can replicate the judging role typically performed by humans [beehiiv: AIs Supervising AIs].

This connects directly to **Reinforcement Learning from Human Feedback (RLHF)**, the dominant alignment technique for modern LLMs. In RLHF:

- A **reward model** is trained in a supervised manner to predict whether a response to a prompt is good (high reward) or bad (low reward), based on **ranking data collected from human annotators** [wikipedia: Reinforcement learning from human feedback].
- That reward model then serves as the reward function used to optimize the agent's policy via an algorithm like proximal policy optimization (PPO) [wikipedia: Reinforcement learning from human feedback].
- RLHF was popularized through OpenAI's work on InstructGPT and later ChatGPT, enabling models to align behavior with human judgments on complex and subjective tasks [wikipedia: Reinforcement learning].

The link between the two: the ""comparison data"" Ozdemir mentions [beehiiv: AIs Supervising AIs] is exactly the kind of pairwise ranking data that RLHF's reward model is trained on [wikipedia: Reinforcement learning from human feedback]. ""AIs supervising AIs"" essentially asks whether an AI judge can stand in for the **human annotator** step of RLHF.

## Why It Matters

RLHF has well-documented scalability problems. According to Wikipedia:

> ""Compared to data collection for techniques like unsupervised or self-supervised learning, collecting data for RLHF is less scalable and more expensive. Its quality and consistency may vary depending on the task, interface, and the preferences and biases of individual humans."" [wikipedia: Reinforcement learning from human feedback]

This is precisely the bottleneck that ""scale supervision"" targets. If a foundation model can reliably label preference data the way humans do, then:

1. **Scalability**: AI labelers can produce vastly more comparison data than human annotators, addressing RLHF's core cost/scale limitation [wikipedia: Reinforcement learning from human feedback].
2. **Consistency**: AI judges may reduce the variability introduced by individual human biases noted as a limitation of RLHF [wikipedia: Reinforcement learning from human feedback].
3. **Alignment pipeline acceleration**: Since RLHF is the technique behind InstructGPT and ChatGPT [wikipedia: Reinforcement learning], improving its data pipeline has direct downstream effects on how quickly and cheaply aligned LLMs can be trained.

## Caveats

The beehiiv evidence provided is brief — it establishes the motivation (replicating HuggingFace results on AI-as-judge) and the data source, but the supplied excerpts do not include Ozdemir's actual findings or methodology details [beehiiv: AIs Supervising AIs]. So while the conceptual bridge to RLHF is clear, I cannot report from the evidence whether his experiments concluded AI supervisors are adequate substitutes for human labelers.",116.55250811576843,0,0,0.0,5,0,,5.0,4.0,4.0,3.0,4.0,"The candidate answer accurately connects the beehiiv post's 'scale supervision' concept to RLHF's reward-model training pipeline, correctly describing the reward model, PPO optimization, and human annotator ranking data—all directly supported by the evidence chunks. It explains why AI-as-judge matters by citing RLHF's scalability limitations from the evidence. One minor gap: it does not explicitly name RLAIF, though the RLAIF evidence chunk was available and the reference answer highlights this term. DPO is not mentioned but also not in evidence. The answer is well-grounded with inline citations, slightly verbose with headers and caveats but stays on-topic. Faithfulness is strong—claims map to evidence.",Both describe using one model to provide feedback that trains another. The Beehiiv post focuses on practical 'AI feedback' loops where a model grades another model's outputs. Wikipedia's RLHF article formalizes this as training a reward model on human (or AI) preferences and then optimizing a policy against that reward via PPO or DPO. RLAIF (RL from AI feedback) is the specific term for replacing human labelers with an AI grader.,hard,3
workflow,anthropic/claude-opus-4.7,,0,"According to Wikipedia, what role did Geoffrey Hinton play in the deep learning revival, and how does the 'Probing LLMs for a World Model' Beehiiv post connect to that intellectual lineage?","# Geoffrey Hinton's Role in the Deep Learning Revival

According to Wikipedia, Geoffrey Hinton played several foundational roles in reviving and advancing deep learning:

1. **Reviving connectionism**: Hinton was central to ""the revival of 'connectionism', including neural network research"" [wikipedia: Artificial intelligence].

2. **Backpropagation**: With David Rumelhart and Ronald J. Williams, Hinton co-authored a highly cited 1986 paper that popularized the backpropagation algorithm for training multi-layer neural networks, showing such networks ""can learn useful internal representations of data"" [wikipedia: Geoffrey Hinton].

3. **Boltzmann machines**: Hinton proved that a device called a ""Boltzmann machine"" could learn and process information, a result that helped revive exploration of artificial neural networks [wikipedia: History of artificial intelligence].

4. **AlexNet and the 2012 breakthrough**: With his students Alex Krizhevsky and Ilya Sutskever, Hinton designed AlexNet, whose performance on the ImageNet challenge 2012 was ""a breakthrough in the field of computer vision"" [wikipedia: Geoffrey Hinton].

5. **Recognition**: He is regarded as a ""leading figure in the deep learning community"" [wikipedia: Geoffrey Hinton], shared the 2018 Turing Award with Bengio and LeCun as a ""Godfather of Deep Learning"" [wikipedia: Geoffrey Hinton][wikipedia: Yann LeCun], and received the 2024 Nobel Prize in Physics with John Hopfield for ""foundational discoveries and inventions that enable machine learning with artificial neural networks"" [wikipedia: Geoffrey Hinton].

# Connection to the 'Probing LLMs for a World Model' Post

The Beehiiv post engages with an active debate over ""whether LLMs are just memorizing vast amounts of statistics or if they can learn a more cohesive representation of the world whose language they model"" [beehiiv: Probing LLMs for a World Model]. It probes internal layer representations of models like Llama 2, Llama 3, Mistral, and BERT by regressing from token embeddings to target values (e.g., birth/death years, GSM8K answers) [beehiiv: Probing LLMs for a World Model].

The intellectual lineage connects to Hinton in the following supported ways:

- **Learned internal representations**: The post's core methodology — analyzing what neural networks encode in their hidden layers — is a direct descendant of the finding from Rumelhart, Hinton, and Williams that multi-layer networks trained via backpropagation ""can learn useful internal representations of data"" [wikipedia: Geoffrey Hinton]. Probing hidden-layer embeddings is essentially an empirical test of what those internal representations contain.

- **Deep neural architectures as the substrate**: The LLMs probed in the post (Llama, Mistral, BERT) are built on the deep neural network paradigm whose viability Hinton helped establish through backpropagation, Boltzmann machines, and the AlexNet breakthrough [wikipedia: Geoffrey Hinton][wikipedia: History of artificial intelligence]. Wikipedia explicitly notes that language-model architectures followed ""the breakthrough of deep neural networks in image classification around 2012"" [wikipedia: Large language model] — i.e., the AlexNet moment Hinton co-led.

- **Hinton's direct lineage to LLMs**: Ilya Sutskever, Hinton's AlexNet co-creator, went on to make ""major contributions to the field of deep learning, including sequence-to-sequence learning... GPT models"" [wikipedia: Ilya Sutskever], tying Hinton's students directly to the LLM family the post probes.

**Unsupported / not stated**: The Beehiiv post itself does not mention Hinton, backpropagation, or explicitly frame itself within Hinton's lineage — the connection above is inferred from the Wikipedia evidence about the architectures and training methods the probed models rely on, not stated in the post.",114.6519889831543,0,0,0.0,4,0,,5.0,5.0,5.0,3.0,4.6,"The answer thoroughly covers Hinton's roles (backpropagation, Boltzmann machines, AlexNet, connectionism revival) with accurate citations to the evidence. It connects the Beehiiv post to Hinton's lineage via internal representations (directly citing Rumelhart/Hinton/Williams) and the AlexNet-to-LLM pipeline through Sutskever. Every factual claim is grounded in the provided chunks, and the answer commendably flags what is NOT stated in the post. Slightly verbose with numbered lists and extensive quoting, but otherwise well-structured and faithful.","Wikipedia describes Hinton as a key figure in the 1980s revival of backpropagation and the 2012 AlexNet breakthrough that started the deep learning era. The Beehiiv post probes whether LLMs have learned implicit world models, which extends Hinton's long-running argument that distributed neural representations encode meaningful structure. The lineage runs from early connectionist representations to today's question of whether scaled transformers internalize world models.",hard,2
workflow,anthropic/claude-opus-4.7,,0,"According to Wikipedia, what role did Geoffrey Hinton play in the deep learning revival, and how does the 'Probing LLMs for a World Model' Beehiiv post connect to that intellectual lineage?","# Geoffrey Hinton and the Deep Learning Revival

## Hinton's Role According to Wikipedia

Geoffrey Hinton played a foundational role in reviving neural network research and ushering in the deep learning era. Wikipedia identifies several key contributions:

- **Reviving connectionism**: Wikipedia credits Hinton directly with leading ""the revival of 'connectionism,' including neural network research"" [wikipedia: Artificial intelligence].
- **Popularizing backpropagation**: With David Rumelhart and Ronald J. Williams, Hinton co-authored a highly cited 1986 paper that popularized backpropagation for training multi-layer neural networks, showing such networks ""can learn useful internal representations of data"" [wikipedia: Geoffrey Hinton].
- **Foundational architectures**: He co-invented Boltzmann machines (1985) and contributed distributed representations, mixtures of experts, Helmholtz machines, and the wake-sleep algorithm [wikipedia: Geoffrey Hinton].
- **The AlexNet breakthrough**: In 2012, Hinton—working with students Alex Krizhevsky and Ilya Sutskever—produced AlexNet, which won the ImageNet competition ""by a significant margin over shallow machine learning methods,"" a turning point after which ""dozens of other approaches to image recognition were abandoned in favor of deep learning"" [wikipedia: Geoffrey Hinton][wikipedia: Deep learning][wikipedia: History of artificial intelligence].
- **Recognition**: He shared the 2018 Turing Award with Bengio and LeCun (the ""Godfathers of Deep Learning"") and the 2024 Nobel Prize in Physics with John Hopfield for ""foundational discoveries and inventions that enable machine learning with artificial neural networks"" [wikipedia: Geoffrey Hinton].

## Connection to ""Probing LLMs for a World Model""

The Beehiiv post by Sinan Ozdemir extends this intellectual lineage in several concrete ways:

1. **Built on Hinton-lineage architectures**: The post probes BERT, Llama 2 (7B and 13B), Llama 3, and Mistral models [beehiiv: Probing LLMs for a World Model]. These are all deep neural networks whose training fundamentally depends on the backpropagation-based multi-layer learning Hinton helped popularize [wikipedia: Geoffrey Hinton].

2. **Studying ""internal representations""**: Hinton's 1986 work with Rumelhart and Williams specifically showed that multi-layer networks ""can learn useful internal representations of data"" [wikipedia: Geoffrey Hinton]. The Beehiiv post pursues exactly this question at a modern scale, asking whether LLMs are ""just memorizing vast amounts of statistics or if they can learn a more cohesive representation of the world,"" and citing research showing ""LLMs can learn linear representations of space and time"" [beehiiv: Probing LLMs for a World Model].

3. **Methodology of extracting hidden states**: The post grabs ""embeddings from the middle layer and the final layer of our LLM's hidden states"" and regresses on them to probe encoded knowledge [beehiiv: Probing LLMs for a World Model]. This is methodologically a descendant of the representation-learning tradition Hinton championed.

4. **Uses Hinton-era tooling implicitly**: BERT and autoregressive Llama/Mistral architectures are transformer networks trained via backpropagation on GPUs—both the learning algorithm and the deep-network paradigm trace to Hinton's contributions [wikipedia: Geoffrey Hinton][wikipedia: Neural network (machine learning)].

**Caveat on unsupported claims**: The Beehiiv post itself does not explicitly name Hinton or reference the deep learning revival; the connection above is drawn by juxtaposing the two evidence sets. Any direct citation from Ozdemir to Hinton's work is not present in the supplied evidence.",120.09092211723328,0,0,0.0,4,0,,5.0,5.0,5.0,3.0,4.5,"The answer accurately captures Hinton's role in reviving connectionism, popularizing backpropagation, and the AlexNet breakthrough, all grounded in the provided evidence with proper citations. It thoughtfully connects the Beehiiv post's probing of internal representations to Hinton's 1986 finding that networks ""learn useful internal representations,"" directly echoing the reference's lineage argument. The explicit caveat that the Beehiiv post doesn't name Hinton is a strong faithfulness signal. Slightly verbose with bullet-heavy structure and some repetition, costing conciseness points, but correctness and completeness are excellent.","Wikipedia describes Hinton as a key figure in the 1980s revival of backpropagation and the 2012 AlexNet breakthrough that started the deep learning era. The Beehiiv post probes whether LLMs have learned implicit world models, which extends Hinton's long-running argument that distributed neural representations encode meaningful structure. The lineage runs from early connectionist representations to today's question of whether scaled transformers internalize world models.",hard,2
workflow,anthropic/claude-opus-4.7,,0,"According to Wikipedia, what role did Geoffrey Hinton play in the deep learning revival, and how does the 'Probing LLMs for a World Model' Beehiiv post connect to that intellectual lineage?","# Geoffrey Hinton's Role in the Deep Learning Revival

According to Wikipedia, Geoffrey Hinton played several foundational roles in reviving deep learning:

1. **Backpropagation**: With David Rumelhart and Ronald J. Williams, Hinton co-authored a highly cited 1986 paper that popularized the backpropagation algorithm for training multi-layer neural networks, whose experiments showed that such networks ""can learn useful internal representations of data"" [wikipedia: Geoffrey Hinton].

2. **AlexNet and the 2012 ImageNet breakthrough**: Hinton, with his students Alex Krizhevsky and Ilya Sutskever, designed AlexNet, which won the ImageNet Large Scale Visual Recognition Challenge in 2012 with a top-5 error rate of 15.3% — more than 10.8 points above the runner-up [wikipedia: AlexNet]. This victory ""over shallow machine learning methods"" is identified as the moment that, combined with GPU computing, gave rise to what ""became known as 'deep learning'"" [wikipedia: Neural network (machine learning)]. Notably, in 2011 Hinton was actively evangelizing neural networks, asking colleagues ""What do I have to do to convince you that neural networks are the future?"" [wikipedia: AlexNet].

3. **Recognition as a ""Godfather of Deep Learning""**: Hinton shared the 2018 Turing Award with Yoshua Bengio and Yann LeCun for deep learning work, and the trio are called the ""Godfathers of Deep Learning"" [wikipedia: Geoffrey Hinton][wikipedia: Yann LeCun]. He later shared the 2024 Nobel Prize in Physics with John Hopfield for ""foundational discoveries and inventions that enable machine learning with artificial neural networks"" [wikipedia: Geoffrey Hinton].

# Connection to ""Probing LLMs for a World Model""

The Beehiiv post by Sinan Ozdemir engages a debate about ""whether LLMs are just memorizing vast amounts of statistics or if they can learn a more cohesive representation of the world whose language they model"" [beehiiv: Probing LLMs for a World Model]. Methodologically, it probes internal embeddings — the middle and final hidden-layer representations of models like Llama 2 (7B and 13B), BERT, and Mistral — by regressing them against attributes such as birth year and death year to test whether these networks encode structured world knowledge [beehiiv: Probing LLMs for a World Model].

The intellectual lineage connects to Hinton's work in a few concrete ways supported by the evidence:

- **Learned internal representations**: The very premise of probing — that meaningful structure lives in hidden-layer activations — traces to the Rumelhart/Hinton/Williams demonstration that backpropagation-trained multi-layer networks ""can learn useful internal representations of data"" [wikipedia: Geoffrey Hinton].
- **The deep learning paradigm itself**: The Llama, Mistral, and BERT models probed in the post are deep neural networks, a paradigm whose modern dominance Wikipedia attributes to the AlexNet breakthrough led by Hinton and his students [wikipedia: AlexNet][wikipedia: Neural network (machine learning)].
- **Direct student lineage**: Ilya Sutskever, Hinton's AlexNet collaborator, went on to make ""major contributions to the field of deep learning, including sequence-to-sequence learning... and GPT models"" [wikipedia: Ilya Sutskever] — the architectural family underlying the LLMs being probed.

**Unsupported/not stated**: The Beehiiv post itself does not mention Hinton, backpropagation, or AlexNet by name in the provided excerpts, so the connection above is inferred from the shared technical substrate (deep neural networks and learned internal representations) rather than from explicit citation within the post.",94.65901303291321,0,0,0.0,4,0,"
JUDGE_ERR: Structured output failed after 2 attempts for schema RubricResult: Your previous response failed schema validation with this error:
6 validation errors for RubricResult
faithfulness
  Field required [type=missing, input_value={}, input_type=dict]
    For further information visit https://errors.pydantic.dev/2.13/v/missing
completeness
  Field required [type=missing, input_value={}, input_type=dict]
    For further information visit https://errors.pydantic.dev/2.13/v/missing
correctness
  Field required [type=missing, input_value={}, input_type=dict]
    For further information visit https://errors.pydantic.dev/2.13/v/missing
conciseness
  Field required [type=missing, input_value={}, input_type=dict]
    For further information visit https://errors.pydantic.dev/2.13/v/missing
overall
  Field required [type=missing, input_value={}, input_type=dict]
    For further information visit https://errors.pydantic.dev/2.13/v/missing
notes
  Field required [type=missing, input_value={}, input_type=dict]
    For further information visit https://errors.pydantic.dev/2.13/v/missing

Re-emit a response that conforms to the RubricResult schema. Pay attention to required fields and types.",,,,,,,"Wikipedia describes Hinton as a key figure in the 1980s revival of backpropagation and the 2012 AlexNet breakthrough that started the deep learning era. The Beehiiv post probes whether LLMs have learned implicit world models, which extends Hinton's long-running argument that distributed neural representations encode meaningful structure. The lineage runs from early connectionist representations to today's question of whether scaled transformers internalize world models.",hard,2
